nombre,dia_nacimiento,estado,pais,profesion,fase_luna
ABRAHAM LINCOLN,12-FEBRERO,KENTUCKY,USA,POLÍTICO,SEGUNDO MENGUANTE
ADAM SMITH,5-JUNIO,KILCARDY,ESCOCIA,FILÓSOFO,LUNA NUEVA
ADOLFO HITLER,20-ABRIL,BRAUNAU,AUSTRIA,DICTADOR,PRIMER MENGUANTE
ADOLFO PÉREZ ESQUIVEL,26-NOVIEMBRE,BUENOS AIRES,ARGENTINA,PACIFISTA,LUNA LLENA
ADRIANA KARENBEU,17-SEPTIEMBRE,BREZNO,SLOVAKIA,MODELO,LUNA NUEVA
AGATHA CHRIESTIE,15-SEPTIEMBRE,TORQUAY,INGLATERRA,ESCRITORA,LUNA NUEVA
AGUSTÍN LARA,30-OCTUBRE,TLACOTALPAN,MÉXICO,MÚSICO,CUARTO CRECIENTE
AL CAPONE,17-ENERO,"NEW YORK,NY",USA,MAFIOSO,PRIMER CRECIENTE
AL GORE,31-MARZO,WHASHINGTON.D.C,USA,POLÍTICO,CUARTO MENGUANTE
AL PACINO,25-ABRIL,NEW YORK,USA,ACTOR,PRIMER MENGUANTE
ALAN CHEPARD,18-NOVIEMBRE,"EAST DERRY, NH",USA,ASTRONAUTA,SEGUNDO CRECIENTE
ALBERT CAMUS,7-NOVIEMBRE,MONDOVI,ARGELIA,ESCRITOR,CUARTO CRECIENTE
ALBERT EINSTEIN,14-MARZO,ULM,ALEMANIA,CIENTÍFICO,CUARTO MENGUANTE
ALBERT SCHWEITZER,14-ENERO,STRASBOURG,ALEMANIA,HUMANISTA,CUARTO CRECIENTE
ALDO MORO,23-SEPTIEMBRE,MAGLIE,ITALIA,POLÍTICO,SEGUNDO MENGUANTE
ALEJANDRO DUMAS,24-JULIO,VILLERS-COTTERETS,FRANCIA,ESCRITOR,SEGUNDO MENGUANTE
ALEJANDRO DUMAS (HIJO),28-JULIO,PARÍS,FRANCIA,ESCRITOR,PRIMER CRECIENTE
ALEJO CARPENTIER,26-DICIEMBRE,HABANA,CUBA,ESCRITOR,PRIMER MENGUANTE
ALESSANDRA AMBROSIO,11-ABRIL,EREXIM,BRASIL,MODELO,CUARTO CRECIENTE
ALEXANDER FLEMING,6-AGOSTO,DARVEL,ESCOCIA,CIENTÍFICO,SEGUNDO CRECIENTE
ALEXANDER KERENSKY,22-ABRIL,SIMBIRSK,RUSIA,POLÍTICO,CUARTO MENGUANTE
ALFRED HITCHCOCK,13-AGOSTO,LONDRES,INGLATERRA,CINEASTA,CUARTO CRECIENTE
ALFRED NOVEL,21-OCTUBRE,ESTOCOLMO,SUECIA,INVENTOR,CUARTO CRECIENTE
ALICIA KEYS,25-ENERO,"NEW YORK, N.Y.",USA,CANTANTE,PRIMER MENGUANTE
ALLAN GREENSPAN,6-MARZO,NEW YORK,USA,ECONOMISTA,CUARTO MENGUANTE
ALLEN GINSBERG,3-JUNIO,"NEWARK,N J.",USA,ESCRITOR,PRIMER MENGUANTE
ALONSO DÁMASO,22-OCTUBRE,MADRID,ESPAÑA,ESCRITOR,CUARTO CRECIENTE
AMADO NERVO,27-AGOSTO,TEPIC,MÉXICO,ESCRITOR,LUNA NUEVA
ANATOLY KARPOV,23-MAYO,ZLATOUST,RUSIA,AJEDRECISTA,PRIMER MENGUANTE
ANDRÉ BRETON,19-FEBRERO,TINCHEBRAY,FRANCIA,ESCRITOR,PRIMER CRECIENTE
ANDRE-MARIE AMPERE,20-ENERO,LYON,FRANCIA,CIENTÍFICO,PRIMER MENGUANTE
ANDRÉS BELLO,29-NOVIEMBRE,CARACAS,VENEZUELA,ESCRITOR,SEGUNDO CRECIENTE
ANGELA MERKEL,17-JULIO,HAMBURG,ALEMANIA,POLÍTICA,LUNA LLENA
ANGÉLICA MARÍA,27-SEPTIEMBRE,"NEW ORLEANS, LOUISIANA",USA,ACTRIZ,LUNA NUEVA
ANGELINA JOLIE,4-JUNIO,"LOS ÁNGELES,CA",USA,ACTRIZ,SEGUNDO MENGUANTE
ANNA KOURNIKOVA,7-JUNIO,MOSCÚ,RUSIA,TENISTA,PRIMER CRECIENTE
ANNAN KOFI,8-ABRIL,KUMASI,GHANA,POLÍTICO,CUARTO CRECIENTE
ANTHONY HOPKINS,31-DICIEMBRE,PORTTALBOT,GALES,ACTOR,LUNA NUEVA
ANTHONY QUINN,21-ABRIL,CHIHUAHUA,MÉXICO,ACTOR,CUARTO CRECIENTE
ANTONIO BANDERAS,12-AGOSTO,MALAGA,ESPAÑA,ACTOR,CUARTO MENGUANTE
ANTONIO CARLOS JOBIM,25-ENERO,RÍO DE JANEIRO,BRASIL,MÚSICO,CUARTO MENGUANTE
ANTONIO CHEKHOV,17-ENERO,TANGANROG,RUSIA,ESCRITOR,SEGUNDO MENGUANTE
ANTONIO LAVOISIER,26-AGOSTO,NA,FRANCIA,CIENTÍFICO,PRIMER CRECIENTE
ANTONIO MACHADO,26-JULIO,SEVILLA,ESPAÑA,ESCRITOR,CUARTO MENGUANTE
ANTONIO VIVALDI,4-MARZO,VENECIA,ITALIA,MÚSICO,SEGUNDO CRECIENTE
ANWAR AL-SADAT,25-DICIEMBRE,TALA,EGIPTO,POLÍTICO,CUARTO MENGUANTE
ARIEL SHARON,27-FEBRERO,TEL AVIV,ISRAEL,POLÍTICO,CUARTO CRECIENTE
ARNOLD SCHWARZENEGGER,30-JULIO,THAL,AUSTRIA,ACTOR,SEGUNDO CRECIENTE
ARTHUR CONAN DOYLE,22-MAYO,EDINGURH,ESCOCIA,ESCRITOR,PRIMER MENGUANTE
ARTHUR RIMBAUD,20-OCTUBRE,CHARLEVILLE,FRANCIA,ESCRITOR,LUNA NUEVA
ARTHUR SCHOPENHAUER,22-FEBRERO,DANZING,ALEMANIA,FILÓSOFO,LUNA LLENA
ASHLEY JUDD,19-ABRIL,"LOS ÁNGELES,CA",USA,ACTRIZ,CUARTO MENGUANTE
ATAHUALPA YUPANQUI,22-ENERO,"PERGAMINO, B. A.",ARGENTINA,MÚSICO,PRIMER MENGUANTE
AUGUSTO PINOCHET,25-NOVIEMBRE,VALPARAISO,CHILE,DICTADOR,PRIMER MENGUANTE
AVRIL LAVIGNE,27-SEPTIEMBRE,ONTARIO,CANADÁ,CANTANTE,PRIMER CRECIENTE
AYRTON SENNA,21-MARZO,SAO PAULO,BRASIL,AUTOMOVILISTA,SEGUNDO MENGUANTE
BABE RUTH,6-FEBRERO,"BALTIMORE,MARYLAND",USA,BEISBOLISTA,SEGUNDO CRECIENTE
BÁRBARA BERMUDO,5-JUNIO,GUAYNABO,PUERTO RICO,PERIODISTA,SEGUNDO MENGUANTE
BARBRA STREISAND,24-ABRIL,"BROOKLYN, NY",USA,ACTRIZ,CUARTO CRECIENTE
BARRY MANILOW,17-JUNIO,"BROOKLYN, N.Y",USA,CANTANTE,PRIMER MENGUANTE
BARUCH SPINOZA,24-NOVIEMBRE,AMSTERDAM,HOLANDA,FILÓSOFO,SEGUNDO CRECIENTE
BENEDICTO XVI,16-ABRIL,BAVARIA,ALEMANIA,RELIGIOSO,LUNA LLENA
BENITO JUAREZ,21-MARZO,"SAN PABLO,OAXACA",MÉXICO,POLÍTICO,PRIMER CRECIENTE
BENITO MOUSSOLINI,29-JULIO,PREDAPPIO,ITALIA,DICTADOR,SEGUNDO MENGUANTE
BENITO PÉREZ GALDÓS,10-MAYO,LAS PALMAS,ESPAÑA,ESCRITOR,SEGUNDO CRECIENTE
BENJAMÍN FRANKLIN,17-ENERO,"BOSTON,MASS.",USA,CIENTÍFICO,PRIMER CRECIENTE
BERNADETTE DE LOURDES,7-ENERO,LOURDES,FRANCIA,RELIGIOSA,PRIMER MENGUANTE
BILL CLINTON,19-AGOSTO,"HOPE,ARK.",USA,POLÍTICO,CUARTO MENGUANTE
BILL GATES,30-OCTUBRE,SEATLE,USA,FINANCIERO,LUNA LLENA
BING CROSBY,3-MAYO,"TACOMA,WA",USA,CANTANTE,CUARTO CRECIENTE
BLAISE PASCAL,19-JUNIO,CLERMONT FERRAND,FRANCIA,CIENTÍFICO,PRIMER MENGUANTE
BO DEREK,20-NOVIEMBRE,"LONG BEACH,CA",USA,ACTRIZ,PRIMER MENGUANTE
BOB DYLAN,24-MAYO,"DULUTH,MINNESOTA",USA,CANTANTE,LUNA NUEVA
BOBBY FISCHER,9-MARZO,CHICAGO,USA,AJEDRECISTA,PRIMER CRECIENTE
BORIS PASTERNAK,10-FEBRERO,MOSCÚ,RUSIA,ESCRITOR,PRIMER MENGUANTE
BRIGITTE BARDOT,28-SEPTIEMBRE,PARÍS,FRANCIA,ACTRIZ,PRIMER MENGUANTE
BRITNEY SPEARS,2-DICIEMBRE,"KENTWOOD,LOUISIANA",USA,CANTANTE,CUARTO CRECIENTE
BRUCE WILLIS,19-MARZO,IDAR-OBERSTEIN,ALEMANIA,ACTOR,SEGUNDO MENGUANTE
BUDDY HOLLY,7-SEPTIEMBRE,"LUBBOCK,TEXAS",USA,MÚSICO,CUARTO MENGUANTE
CALVIN KLEIN,19-NOVIEMBRE,"NEW YORK,NY",USA,MODISTO,SEGUNDO CRECIENTE
CAMERUN DÍAZ,30-AGOSTO,LONG BEACH,USA,ACTRIZ,CUARTO MENGUANTE
CAMILO JOSÉ CELÁ,11-MAYO,"IRIA FLAVIA,CORUÑA",ESPAÑA,ESCRITOR,SEGUNDO CRECIENTE
CANTINFLAS,12-AGOSTO,DISTRITO FEDERAL,MÉXICO,COMEDIANTE,PRIMER MENGUANTE
CARL SANDBURG,6-ENERO,"GALESBURG,ILL",USA,ESCRITOR,PRIMER CRECIENTE
CARLOS GARDEL,10-DICIEMBRE,TOULOUSE,FRANCIA,CANTANTE,LUNA NUEVA
CARLOS MARX,5-MAYO,TRIER,ALEMANIA,FILÓSOFO,LUNA NUEVA
CARLOS MENEN,2-JULIO,ANILLACO,ARGENTINA,POLÍTICO,CUARTO CRECIENTE
CARMEN KASS,14-SEPTIEMBRE,TALLINN,ESTONIA,MODELO,SEGUNDO CRECIENTE
CARY GRANT,18-ENERO,BRISTOL,INGLATERRA,ACTOR,PRIMER CRECIENTE
CATHERINE DENEUVE,22-OCTUBRE,PARÍS,FRANCIA,ACTRIZ,SEGUNDO MENGUANTE
CATHERINE ZETA JONES,25-SEPTIEMBRE,MUMBLES,GALES,ACTRIZ,LUNA LLENA
CELIA CRUZ,21-OCTUBRE,HABANA,CUBA,CANTANTE,PRIMER MENGUANTE
CELINE DION,30-MARZO,"CHARLEMAGNE,QUEBEC",CANADÁ,CANTANTE,PRIMER CRECIENTE
CESAR GAVIRIA,31-MARZO,PEREIRA,COLOMBIA,POLÍTICO,SEGUNDO CRECIENTE
CHABUCA GRANDA,3-SEPTIEMBRE,APURIMAC,PERÚ,MÚSICO,CUARTO MENGUANTE
CHACRINHA,20-ENERO,PERNAMBUCO,BRASIL,COMEDIANTE,LUNA LLENA
CHARLES ATLAS,30-OCTUBRE,"ACRI,CALABRIA",ITALIA,ATLETA,PRIMER MENGUANTE
CHARLES BAUDELAIRE,9-ABRIL,PARÍS,FRANCIA,ESCRITOR,CUARTO CRECIENTE
CHARLES DARWIN,12-FEBRERO,SHREWSBURY,INGLATERRA,CIENTÍFICO,SEGUNDO MENGUANTE
CHARLES DE GAULLE,22-NOVIEMBRE,LILLE,FRANCIA,POLÍTICO,SEGUNDO CRECIENTE
CHARLES DICKENS,7-FEBRERO,PORTSEA,INGLATERRA,ESCRITOR,SEGUNDO MENGUANTE
CHARLES FOURIER,7-ABRIL,BESANCON,FRANCIA,FILÓSOFO,PRIMER CRECIENTE
CHARLES LINDBERGH,4-FEBRERO,"DETROIT,MICH.",USA,AVIADOR,SEGUNDO MENGUANTE
CHARLIE CHAPLIN,16-ABRIL,LONDRES,INGLATERRA,COMEDIANTE,LUNA LLENA
CHIANG KAI -SHEK,31-OCTUBRE,ZHEJIANG,CHINA,POLÍTICO,LUNA LLENA
CHISTIAAN BARNARD,2-SEPTIEMBRE,BEAUFORT WEST,ÁFRICA DEL SUR,MÉDICO,SEGUNDO CRECIENTE
CHRISTIAAN HUYGENS,14-ABRIL,DEN HAAG,ALEMANIA,CIENTÍFICO,CUARTO MENGUANTE
CHRISTIAN DOPPLER,29-NOVIEMBRE,SALZBURG,AUSTRIA,MATEMÁTICO,LUNA LLENA
CHRISTINA AGUILERA,18-DICIEMBRE,"STATEN ISLAND, N.Y.",USA,CANTANTE,SEGUNDO CRECIENTE
CHRISTOPHER REEVE,25-SEPTIEMBRE,"NEW YORK, NY",USA,ACTOR,CUARTO CRECIENTE
CLARA BARTON,25-DICIEMBRE,"NORTH OXFORD,MASS",USA,HUMANISTA,LUNA NUEVA
CLARK GABLE,1-FEBRERO,"CADIZ,OHIO",USA,ACTOR,SEGUNDO CRECIENTE
CLAUDE MONET,14-NOVIEMBRE,PARÍS,FRANCIA,PINTOR,PRIMER MENGUANTE
CLAUDIA SCHIFFER,24-AGOSTO,DUSSELDORF,ALEMANIA,MODELO,PRIMER CRECIENTE
CLINT EASTWOOD,31-MAYO,"SAN FRANCISCO,CA",USA,ACTOR,PRIMER CRECIENTE
CLIVE S. LEWIS,29-NOVIEMBRE,BELFAST,IRLANDA,ESCRITOR,LUNA LLENA
COCO CHANEL,19-AGOSTO,SAUMUR,FRANCIA,MODISTA,LUNA LLENA
CONDOLEEZZA RICE,14-NOVIEMBRE,"BIRMINGHAM,AL",USA,POLÍTICA,PRIMER MENGUANTE
CORAZÓN AQUINO,25-ENERO,MANILA,FILIPINAS,POLÍTICA,LUNA NUEVA
CRISTINA SARALEGUI,29-ENERO,HABANA,CUBA,PERIODISTA,PRIMER MENGUANTE
DALAI LAMA,5-JULIO,TAKTSER,TIBET,RELIGIOSO,PRIMER CRECIENTE
DALE EARNHARDT,29-ABRIL,"KANNAPOLIS,NC",USA,AUTOMOVILISTA,CUARTO MENGUANTE
DAN BROWN,22-JUNIO,"EXETER,NEW HAMPSHIRE",USA,ESCRITOR,SEGUNDO CRECIENTE
DAVID BECKHAM,2-MAYO,LEYTONSTONE,INGLATERRA,FUTBOLISTA,CUARTO MENGUANTE
DAVID HUME,7-MAYO,EDINBURGH,ESCOCIA,FILÓSOFO,PRIMER MENGUANTE
DAVID LIVINGSTONE,19-MARZO,BLANTYRE,ESCOCIA,MISIONERO,LUNA LLENA
DAVID NIVEN,1-MARZO,KIRRIEMUIR,ESCOCIA,ACTOR,SEGUNDO CRECIENTE
DEAN MARTIN,7-JUNIO,"STEUBENVILLE,OHIO",USA,ACTOR,LUNA LLENA
DEMI MOORE,11-NOVIEMBRE,ROSWELL N.M,USA,ACTRIZ,LUNA LLENA
DENIS DIDEROT,5-OCTUBRE,LANGRES,FRANCIA,FILÓSOFO,LUNA LLENA
DENISE LEVERTOV,24-OCTUBRE,ILFORD,INGLATERRA,ESCRITORA,LUNA LLENA
DIANE KEATON,5-ENERO,"LOS ANGELES,CA",USA,ACTRIZ,PRIMER CRECIENTE
DIDO ARMSTRONG,25-DICIEMBRE,LONDRES,INGLATERRA,CANTANTE,CUARTO CRECIENTE
DIEGO MARADONA,30-OCTUBRE,BUENOS AIRES,ARGENTINA,FUTBOLISTA,SEGUNDO CRECIENTE
DIEGO RIVERA,8-DICIEMBRE,GUANAJATO,MÉXICO,PINTOR,SEGUNDO CRECIENTE
DIETRICH BONHOEFFER,4-FEBRERO,BRESLAU,ALEMANIA,TEÓLOGO,SEGUNDO CRECIENTE
DJALMA DE ANDRADE,16-JULIO,RÍO DE JANEIRO,BRASIL,MÚSICO,PRIMER CRECIENTE
DON FRANCISCO,28-DICIEMBRE,TALCA,CHILE,COMEDIANTE,LUNA NUEVA
DONALD RUMSFELD,9-JULIO,"CHICAGO,ILLINOIS",USA,MILITAR,CUARTO CRECIENTE
DORIS DAY,3-ABRIL,"CINCINNATI,OHIO",USA,ACTRIZ,LUNA NUEVA
DOUGLAS MACARTHUR,26-ENERO,ARKANSAS,USA,MILITAR,LUNA LLENA
DUDLEY MOORE,29-ABRIL,LONDRES,INGLATERRA,ACTOR,SEGUNDO MENGUANTE
DUSTIN HOFFMAN,8-AGOSTO,"LOS ANGELES,CA",USA,ACTOR,LUNA NUEVA
DWIGTH EINSEHOWER,14-OCTUBRE,"DENISON,TEXAS",USA,MILITAR,LUNA NUEVA
EDGAR ALLAN POE,19-ENERO,"BOSTON, MASS.",USA,ESCRITOR,PRIMER CRECIENTE
EDMOND HALLEY,8-NOVIEMBRE,HAGGERSTON,INGLATERRA,ASTRÓNOMO,CUARTO MENGUANTE
EDWARD LEAR,12-MAYO,LONDRES,INGLATERRA,ESCRITOR,PRIMER CRECIENTE
ELEANOR ROOSEVELT,11-OCTUBRE,NEW YORK,USA,HUMANISTA,CUARTO MENGUANTE
ELIJAH WOOD,28-ENERO,"CEDAR RAPIDS,IOWA",USA,ACTRIZ,CUARTO MENGUANTE
ELIZABETH TAYLOR,27-FEBRERO,LONDRES,INGLATERRA,ACTRIZ,CUARTO MENGUANTE
ELTON JOHN,25-MARZO,MIDDLESEX,INGLATERRA,MÚSICO,PRIMER CRECIENTE
ELVIS PRESLEY,8-ENERO,"TUPELO,MISS.",USA,CANTANTE,PRIMER CRECIENTE
EMANUEL LASKER,24-DICIEMBRE,BERLINCHEN,ALEMANIA,AJEDRECISTA,SEGUNDO CRECIENTE
EMILIANO ZAPATA,8-AGOSTO,MORELOS,MÉXICO,MILITAR,PRIMER MENGUANTE
EMILIO ZOLÁ,2-ABRIL,PARÍS,FRANCIA,ESCRITOR,LUNA NUEVA
EMINEM,17-OCTUBRE,"KANSAS,MI",USA,CANTANTE,SEGUNDO CRECIENTE
ENMANUEL KANT,24-ABRIL,KONIGSBERG,ALEMANIA,FILÓSOFO,LUNA NUEVA
ENRICO CARUSO,27-FEBRERO,NÁPOLES,ITALIA,CANTANTE,LUNA NUEVA
ENRICO FERMI,29-SEPTIEMBRE,ROMA,ITALIA,CIENTÍFICO,LUNA LLENA
ENRIQUE VIII,28-JUNIO,GREENWICH,INGLATERRA,REY,SEGUNDO CRECIENTE
"ERNESTO ""CHE"" GUEVARA",14-JUNIO,ROSARIO,ARGENTINA,MILITAR,SEGUNDO MENGUANTE
ERNESTO HEMINGWAY,21-JULIO,"OAK PARK,ILLINOIS",USA,ESCRITOR,SEGUNDO CRECIENTE
ERNESTO SABATO,24-JUNIO,ROJAS,ARGENTINA,ESCRITOR,LUNA NUEVA
EROS RAMAZZOTTI,28-OCTUBRE,ROMA,ITALIA,CANTANTE,SEGUNDO CRECIENTE
EUGEN KARL DUHRING,2-ENERO,BERLÍN,ALEMANIA,FILÓSOFO,SEGUNDO CRECIENTE
EUGENIO MARÍA HOSTOS,11-ENERO,MAYAGÜEZ,PUERTO RICO,ESCRITOR,SEGUNDO MENGUANTE
EVA BRAUN,6-FEBRERO,MUNICH,ALEMANIA,POLÍTICA,PRIMER MENGUANTE
EVA PERÓN,7-MAYO,LOS TOLDOS,ARGENTINA,POLÍTICA,CUARTO CRECIENTE
EZRA POUND,30-OCTUBRE,"HAILEY,IDAHO",USA,ESCRITOR,CUARTO MENGUANTE
FEDERICO BESSEL,22-JULIO,MINDEN,ALEMANIA,CIENTÍFICO,PRIMER CRECIENTE
FEDERICO CHOPIN,22-FEBRERO,ZELASOWA-WOLA,POLONIA,MÚSICO,PRIMER MENGUANTE
FEDERICO ENGELS,28-NOVIEMBRE,BARMEN,ALEMANIA,FILÓSOFO,CUARTO MENGUANTE
FEDERICO GARCÍA LORCA,5-JUNIO,GRANADA,ESPAÑA,ESCRITOR,LUNA LLENA
FEDERICO NIESZTCHE,15-OCTUBRE,ROCKEN,PRUSIA,FILÓSOFO,PRIMER CRECIENTE
FELIX MENDELSSOHN,3-FEBRERO,HAMBURG,ALEMANIA,MÚSICO,PRIMER MENGUANTE
FIDEL CASTRO,13-AGOSTO,PROVINCIA DE ORIENTE,CUBA,DICTADOR,LUNA LLENA
FRANCIS BACON,22-ENERO,LONDRES,INGLATERRA,FILÓSOFO,SEGUNDO MENGUANTE
FRANCIS FORD COPPOLA,7-ABRIL,"DETROIT,MICHIGAN",USA,CINEASTA,PRIMER MENGUANTE
FRANCIS SCOTT FITZGERALD,24-SEPTIEMBRE,ST.PAUL MINESSOTA,USA,ESCRITOR,LUNA LLENA
FRANCIS SCOTT KEY,1-AGOSTO,"TERRA RUBRA,MARYLAND",USA,ESCRITOR,PRIMER MENGUANTE
FRANCISCO FRANCO,4-DICIEMBRE,EL FERROL,ESPAÑA,DICTADOR,LUNA LLENA
FRANCISCO GOYA,30-MARZO,ZARAGOSA,ESPAÑA,PINTOR,CUARTO CRECIENTE
FRANCISCO MORAZÁN,3-OCTUBRE,TEGUCIGALPA,HONDURAS,MILITAR,SEGUNDO CRECIENTE
FRANK  CAPRA,18-MAYO,PALERMO,ITALIA,CINEASTA,LUNA LLENA
FRANK SINATRA,12-DICIEMBRE,"HOBOKEN,N .J.",USA,CANTANTE,CUARTO CRECIENTE
FRANKLIN D. ROOSEVELT,30-ENERO,NEW YORK,USA,POLÍTICO,SEGUNDO CRECIENTE
FRANZ KAFKA,3-JULIO,PRAGA,CHECOSLOVAQUIA,ESCRITOR,SEGUNDO MENGUANTE
FREDERIC REMINGTON,4-OCTUBRE,"CANTON,N.Y.",USA,PINTOR,LUNA NUEVA
FRIDA KAHLO,6-JULIO,C. MÉXICO,MÉXICO,PINTORA,SEGUNDO MENGUANTE
FRIEDRICH SCHILLER,10-NOVIEMBRE,MARBACH,ALEMANIA,ESCRITOR,PRIMER MENGUANTE
GABRIEL GARCÍA MÁRQUEZ,6-MARZO,ARACATACA,COLOMBIA,ESCRITOR,LUNA LLENA
GABRIELA MISTRAL,7-ABRIL,VICUÑA,CHILE,ESCRITORA,CUARTO CRECIENTE
GABRIELA SABATINI,16-MAYO,BUENOS AIRES,ARGENTINA,TENISTA,SEGUNDO CRECIENTE
GALILEO,15-FEBRERO,PISA,ITALIA,CIENTÍFICO,CUARTO MENGUANTE
GAMAL ABDEL-NASSER,15-ENERO,ALEJANDRÍA,EGIPTO,POLÍTICO,PRIMER CRECIENTE
GARRINCHA,28-OCTUBRE,PALO GRANDE,BRASIL,FUTBOLISTA,CUARTO CRECIENTE
GARRY KASPAROV,13-ABRIL,BAKU,AZERBAIJAN,AJEDRECISTA,PRIMER MENGUANTE
GARSILASO DE LA VEGA,6-FEBRERO,TOLEDO,ESPAÑA,ESCRITOR,LUNA NUEVA
GENE HACKMAN,30-ENERO,"SAN BERNADINO,CA",USA,ACTOR,LUNA NUEVA
GEORGE BERKELEY,12-MARZO,THOMASTOWN,IRLANDA,FILÓSOFO,PRIMER CRECIENTE
GEORGE BERNARD SHAW,26-JULIO,DUBLIN,IRLANDA,ESCRITOR,SEGUNDO MENGUANTE
GEORGE BUSH,12-JUNIO,"MILTON, MASS.",USA,POLÍTICO,SEGUNDO CRECIENTE
GEORGE F.HEGEL,27-AGOSTO,STUTTGARD,ALEMANIA,FILÓSOFO,PRIMER CRECIENTE
GEORGE HARRISON,25-FEBRERO,LIVERPOOL,INGLATERRA,MÚSICO,CUARTO MENGUANTE
GEORGE J. MIVART,30-NOVIEMBRE,LONDRES,INGLATERRA,CIENTÍFICO,SEGUNDO CRECIENTE
GEORGE PATTON,11-NOVIEMBRE,"SAN GABRIEL, CA",USA,MILITAR,PRIMER CRECIENTE
GEORGE W. BUSH,6-JULIO,"NEW HAVEN,CONN.",USA,POLÍTICO,CUARTO CRECIENTE
GEORGE WASHINGTON,22-FEBRERO,"WESTMORELAND,VI",USA,POLÍTICO,SEGUNDO MENGUANTE
GEORGE WESTINGHOUSE,6-OCTUBRE,NEW YORK,USA,CIENTÍFICO,LUNA LLENA
GEORGES CUVIER,23-AGOSTO,MONTEBELIARD,FRANCIA,CIENTÍFICO,PRIMER MENGUANTE
GERALD FORD,14-JULIO,"OMAHA,NEBRASCA",USA,POLÍTICO,SEGUNDO CRECIENTE
GERHARD SCHRODER,7-ABRIL,MOSSENBERR,ALEMANIA,POLÍTICO,LUNA LLENA
GERTRUDE STEIN,3-FEBRERO,"ALLEGENY,PENN",USA,ESCRITORA,LUNA LLENA
GIANNI VERSACE,2-DICIEMBRE,"REGGIO, CALABRIA",ITALIA,MODISTO,LUNA NUEVA
GIBRÁN JALIL GIBRÁN,6-ENERO,BESHARRE,LÍBANO,ESCRITOR,LUNA NUEVA
GINA LOLLOBRIGIDA,4-JULIO,SUBIACO,ITALIA,ACTRIZ,CUARTO CRECIENTE
GIOACHINO ROSSINI,29-FEBRERO,PESARO,ITALIA,MÚSICO,CUARTO CRECIENTE
GIOVANNI BENEDETTI,14-AGOSTO,VENECIA,ITALIA,MATEMÁTICO,CUARTO CRECIENTE
GIOVANNI PAPINI,9-FEBRERO,FLORENCIA,ITALIA,ESCRITOR,SEGUNDO CRECIENTE
GIUSEPPE VERDI,10-OCTUBRE,LE RONCOLE,ITALIA,MÚSICO,LUNA LLENA
GLENN MILLER,1-MARZO,"CLARINDA, IOWA",USA,MÚSICO,LUNA LLENA
GLORIA ESTEFAN,1-DICIEMBRE,HABANA,CUBA,CANTANTE,SEGUNDO CRECIENTE
GLORIA TREVI,15-FEBRERO,MONTERREY,MÉXICO,CANTANTE,CUARTO CRECIENTE
GODOFREDO LEIBNIZ,1-JULIO,LEIPZIG,ALEMANIA,FILÓSOFO,LUNA LLENA
GRACE KELLY,12-NOVIEMBRE,"PHILADELPHIA,PENN.",USA,ACTRIZ,SEGUNDO CRECIENTE
GRAHAM GREENE,2-OCTUBRE,HERTFORFSHIRE,INGLATERRA,ESCRITOR,SEGUNDO MENGUANTE
GREGORY PECK,5-ABRIL,"LA JOLLA,CA",USA,ACTOR,PRIMER CRECIENTE
GRETA GARBO,18-SEPTIEMBRE,ESTOCOLMO,SUECIA,ACTRIZ,PRIMER MENGUANTE
HARRINSON FORD,13-JULIO,CHICAGO.ILLINOIS,USA,ACTOR,LUNA NUEVA
HARRY HOUDINI,24-MARZO,BUDAPEST,HUNGRÍA,MAGO,CUARTO CRECIENTE
HARRY S. TRUMAN,8-MAYO,"LAMAR,MISSOURI",USA,POLÍTICO,LUNA LLENA
HART CRANE,21-JULIO,"GARRETSVILLE,OHIO",USA,ESCRITOR,SEGUNDO CRECIENTE
HEINRICH BOLL,21-DICIEMBRE,COLOGNE,ALEMANIA,ESCRITOR,CUARTO CRECIENTE
HELEN HUNT,15-JUNIO,"LOS ANGELES,CA",USA,ACTRIZ,SEGUNDO MENGUANTE
HELMUT KOHL,3-ABRIL,LUDWIGSHAFEN,ALEMANIA,POLÍTICO,PRIMER CRECIENTE
HENRI DE SAINT SIMON,17-OCTUBRE,PARÍS,FRANCIA,FILÓSOFO,CUARTO CRECIENTE
HENRI FORD,30-JULIO,"GREENFIELD ,MICHIGAN",USA,INVENTOR,LUNA LLENA
HENRY KISSINGER,27-MAYO,FURTH,ALEMANIA,POLÍTICO,SEGUNDO CRECIENTE
HERBERT MARCUSE,19-JULIO,BERLÍN,ALEMANIA,FILÓSOFO,LUNA NUEVA
HERBERT SPENCER,27-ABRIL,DERBY,INGLATERRA,FILÓSOFO,LUNA LLENA
HERMAN MELVILLE,1-AGOSTO,"NEW YORK,NY",USA,ESCRITOR,SEGUNDO CRECIENTE
HERMANN HESSE,2-JULIO,"CALW, SELVA NEGRA",ALEMANIA,ESCRITOR,CUARTO MENGUANTE
HONORATO BALZAC,20-MAYO,TOUR,FRANCIA,ESCRITOR,LUNA LLENA
HORACIO NELSON,29-SEPTIEMBRE,NORFOLK,INGLATERRA,MILITAR,SEGUNDO MENGUANTE
HUGO CHÁVEZ,28-JULIO,SABANETAS,VENEZUELA,POLÍTICO,LUNA NUEVA
IAN FLEMING,28-MAYO,LONDRES,INGLATERRA,ESCRITOR,LUNA NUEVA
IMELDA MARCOS,2-JULIO,MANILA,FILIPINAS,POLÍTICA,SEGUNDO MENGUANTE
INDIRA GANDHI,19-NOVIEMBRE,ALLAHABAD,INDIA,POLÍTICA,PRIMER CRECIENTE
INGRID BERGMAN,29-AGOSTO,ESTOCOLMO,SUECIA,ACTRIZ,PRIMER MENGUANTE
IRVING WALLACE,19-MARZO,CHICAGO,USA,ESCRITOR,LUNA LLENA
IRVING WHASHINGTON,3-ABRIL,NEW YORK,USA,ESCRITOR,LUNA NUEVA
ISAAC ASIMOV,2-ENERO,PETROVICHI,RUSIA,ESCRITOR,SEGUNDO CRECIENTE
ISAAC B. SINGER,14-JULIO,RADZYMIN,POLONIA,ESCRITOR,PRIMER CRECIENTE
ISAAC M SINGER,26-OCTUBRE,NEW YORK,USA,CIENTÍFICO,PRIMER CRECIENTE
ISAAC NEWTON,25-DICIEMBRE,WOOLSTHORPE,INGLATERRA,CIENTÍFICO,PRIMER CRECIENTE
ISABEL ALLENDE,2-AGOSTO,LIMA,PERÚ,ESCRITORA,CUARTO MENGUANTE
IVAN PAVLOV,14-SEPTIEMBRE,RYASAN,RUSIA,CIENTÍFICO,SEGUNDO MENGUANTE
J. ROBERT OPPENHEIMER,22-ABRIL,"NEW YORK, NY",USA,CIENTÍFICO,CUARTO CRECIENTE
J.K ROWLING,31-JULIO,CHIPPING SODBURY,INGLATERRA,ESCRITORA,PRIMER CRECIENTE
JACINTO BENAVENTE,12-AGOSTO,MADRID,ESPAÑA,ESCRITOR,LUNA NUEVA
JACK KEROUAC,12-MARZO,"LOWELL,MASS.",USA,ESCRITOR,LUNA LLENA
JACK LEMMON,8-FEBRERO,"NEWTON, MA",USA,ACTOR,LUNA LLENA
JACK LONDON,12-ENERO,"SAN FRANCISCO,CA",USA,ESCRITOR,LUNA LLENA
JACK NICHOLSON,22-ABRIL,"NEPTUNE, NJ",USA,ACTOR,SEGUNDO CRECIENTE
JACQUELINE KENNEDY,29-JULIO,"SOUTHHAMPTON,NY",USA,USA PRIMERA DAMA,CUARTO MENGUANTE
JACQUES CHIRAC,29-NOVIEMBRE,PARÍS,FRANCIA,POLÍTICO,PRIMER CRECIENTE
JACQUES COUSTEAU,10-JUNIO,SAINT ANDRE DE CUBZAC,FRANCIA,OCEANÓGRAFO,PRIMER CRECIENTE
JAMES LEBRON,30-DICIEMBRE,"AKRON,OHIO",USA,BASKETBOLISTA,CUARTO CRECIENTE
JAMES MAXWELL,13-JUNIO,EDINBURGH,ESCOCIA,CIENTÍFICO,PRIMER CRECIENTE
JANE AUSTEN,16-DICIEMBRE,HAMPSHIRE,INGLATERRA,ESCRITORA,CUARTO MENGUANTE
JANE FONDA,21-DICIEMBRE,NEW YORK,USA,ACTRIZ,PRIMER MENGUANTE
JANE GOODALL,3-ABRIL,LONDRES,INGLATERRA,ECOLOGISTA,PRIMER MENGUANTE
JASON ALEXANDER,23-SEPTIEMBRE,"NEWARK,NEW JERSEY",USA,ACTOR,CUARTO MENGUANTE
JEAN BAPTISTE LAMARCK,1-AGOSTO,BASENTIN LE PETIT,FRANCIA,CIENTÍFICO,CUARTO MENGUANTE
JENNIFER ANISTON,11-FEBRERO,"SHERMAN OAKS,CA",USA,ACTRIZ,SEGUNDO MENGUANTE
JENNIFER CAPRIATI,29-MARZO,"NAW YORK,NY",USA,TENISTA,LUNA NUEVA
JENNIFER LÓPEZ,24-JULIO,NEW YORK,USA,ACTRIZ,CUARTO MENGUANTE
JEREMY BENTHAM,15-FEBRERO,LONDRES,INGLATERRA,FILÓSOFO,LUNA LLENA
JERRY SEINFELD,29-ABRIL,"BROOKLYN, N.Y.",USA,ACTOR,CUARTO CRECIENTE
JESSICA BIEL,3-MARZO,"ELY,MINNESOTA",USA,ACTRIZ,CUARTO CRECIENTE
JESSICA SIMPSON,10-JULIO,"DALLAS,TEXAS",USA,CANTANTE,LUNA NUEVA
JIANG ZEMIN,17-AGOSTO,YANGZHOU,CHINA,POLÍTICO,CUARTO CRECIENTE
JIMMY CARTER,1-OCTUBRE,"PLAINS, GEORGIA",USA,POLÍTICO,PRIMER CRECIENTE
JOAN MANUEL SERRAT,27-DICIEMBRE,BARCELONA,ESPAÑA,MÚSICO,LUNA NUEVA
JODIE FOSTER,19-NOVIEMBRE,"LOS ANGELES,CA",USA,ACTRIZ,CUARTO MENGUANTE
JOE DIMAGGIO,25-NOVIEMBRE,"MARTÍNEZ,CA",USA,BEISBOLISTA,CUARTO CRECIENTE
JOHAAN WOLFGANG GOETHE,28-AGOSTO,FRANKFURT,ALEMANIA,ESCRITOR,LUNA LLENA
JOHANNES KEPLER,27-DICIEMBRE,WURTTEMBERG,ALEMANIA,CIENTÍFICO,LUNA NUEVA
JOHN BELUSHI,24-ENERO,CHICAGO.ILLINOIS,USA,ACTOR,SEGUNDO MENGUANTE
JOHN D. ROCKEFELLER,8-JULIO,"RICHFORD,N.Y",USA,FINANCIERO,SEGUNDO MENGUANTE
JOHN GLENN,18-JULIO,"CAMBRIDGE,OHIO",USA,ASTRONAUTA,LUNA LLENA
JOHN HENRY NEWMAN,21-FEBRERO,LONDRES,INGLATERRA,RELIGIOSO,CUARTO CRECIENTE
JOHN KENNEDY,29-MAYO,"BOOKLINE ,MSS",USA,POLÍTICO,CUARTO CRECIENTE
JOHN LENNON,9-OCTUBRE,LIVERPOOL,INGLATERRA,MÚSICO,CUARTO CRECIENTE
JOHN LOCK,29-AGOSTO,WRINGTON,INGLATERRA,FILÓSOFO,SEGUNDO CRECIENTE
JOHN MACDONALD,9-ENERO,GLASGOW,ESCOCIA,POLÍTICO,LUNA NUEVA
JOHN STUART MILL,20-MAYO,LONDRES,INGLATERRA,FILÓSOFO,PRIMER CRECIENTE
JOHN TRAVOLTA,18-FEBRERO,"ENGLEWOOD,N.J",USA,ACTOR,LUNA LLENA
JOHN WAYNE,26-MAYO,WINTERSET,USA,ACTOR,LUNA LLENA
JOHNNY CASH,26-FEBRERO,"KINGSLAND,ARKANSAS",USA,MÚSICO,PRIMER MENGUANTE
JORGE AMADO,12-AGOSTO,"ITABUNA,BAHÍA",BRASIL,ESCRITOR,LUNA NUEVA
JORGE HEGEL,27-AGOSTO,STUTTGART,ALEMANIA,FILÓSOFO,PRIMER CRECIENTE
JORGE ISAACS,1-ABRIL,CALI,COLOMBIA,ESCRITOR,SEGUNDO MENGUANTE
JORGE LUÍS BORGES,24-AGOSTO,BUENOS AIRES,ARGENTINA,ESCRITOR,LUNA LLENA
JORGE NEGRETE,30-NOVIEMBRE,GUANAJATO,MEXICO,CANTANTE,SEGUNDO CRECIENTE
JOSÉ AGUSTÍN ARANGO,24-FEBRERO,PANAMÁ,PANAMÁ,POLÍTICO,PRIMER CRECIENTE
JOSÉ CECILIO DEL VALLE,22-NOVIEMBRE,CHOLUTECA,HONDURAS,POLÍTICO,SEGUNDO MENGUANTE
JOSÉ DE SAN MARTÍN,25-FEBRERO,YAPEYÚ,ARGENTINA,ESCRITOR,SEGUNDO MENGUANTE
JOSÉ ENRIQUE RODÓ,15-JULIO,MONTEVIDEO,URUGUAY,ESCRITOR,LUNA NUEVA
JOSE LUÍS LAGRANGE,25-ENERO,TURIN,ITALIA,CIENTÍFICO,SEGUNDO CRECIENTE
JOSÉ LUÍS PERALES,18-ENERO,"CASTEJÓN,CUENCA",ESPAÑA,MÚSICO,PRIMER CRECIENTE
JOSE LUÍS RODRÍGUEZ ZAPATERO,4-AGOSTO,VALLADOLID,ESPAÑA,POLÍTICO,SEGUNDO CRECIENTE
JOSÉ MARÍA AZNAR,25-FEBRERO,MADRID,ESPAÑA,POLÍTICO,SEGUNDO CRECIENTE
JOSÉ MARÍA MORELOS,30-SEPTIEMBRE,MORELIA,MÉXICO,POLÍTICO,LUNA LLENA
JOSÉ MARÍA VARGAS VILA,23-JULIO,BOGOTÁ,COLOMBIA,ESCRITOR,PRIMER CRECIENTE
JOSÉ MARTÍ,28-ENERO,HABANA,CUBA,ESCRITOR,PRIMER MENGUANTE
JOSÉ ORTEGA Y GASSET,9-MAYO,MADRID,ESPAÑA,FILÓSOFO,PRIMER CRECIENTE
JOSÉ RAUL CAPABLANCA,19-NOVIEMBRE,HABANA,CUBA,AJEDRECISTA,LUNA LLENA
JOSÉ SARAMAGO,16-NOVIEMBRE,AZINHAGA,PORTUGAL,ESCRITOR,LUNA NUEVA
JOSÉ ZORRILLA,21-FEBRERO,VALLADOLID,ESPAÑA,ESCRITOR,PRIMER CRECIENTE
JOSEPH PRIESTLEY,13-MARZO,YORKSHIRE,INGLATERRA,CIENTÍFICO,SEGUNDO MENGUANTE
JOSEPH PULITZER,10-ABRIL,MAKO,HUNGRÍA,PUBLICISTA,SEGUNDO MENGUANTE
JOSEPH SMITH,23-DICIEMBRE,"CHARON,VERMONT",USA,RELIGIOSO,PRIMER CRECIENTE
JOSTEIN GAARDER,8-AGOSTO,OSLO,NORUEGA,ESCRITOR,PRIMER MENGUANTE
JUAN BAUTISTA FOURIER,21-MARZO,AUXERRE,FRANCIA,CIENTÍFICO,PRIMER CRECIENTE
JUAN BOSCH,30-JUNIO,LA VEGA,REPÚBLICA DOMINICANA,ESCRITOR,SEGUNDO CRECIENTE
JUAN CALVIN,10-JULIO,NOYON,FRANCIA,TEÓLOGO,SEGUNDO CRECIENTE
JUAN CARLOS GAUSS,30-ABRIL,BRUNSWICK,ALEMANIA,CIENTÍFICO,CUARTO MENGUANTE
JUAN CARLOS ONETTI,1-JULIO,MONTEVIDEO,URUGUAY,ESCRITOR,LUNA LLENA
JUAN DOMINGO PERÓN,8-OCTUBRE,BUENOS AIRES,ARGENTINA,POLÍTICO,PRIMER MENGUANTE
JUAN J. ROUSSEAU,28-JUNIO,GINEBRA,SUIZA,FILÓSOFO,SEGUNDO MENGUANTE
JUAN LUÍS GUERRA,7-JUNIO,SANTO DOMINGO,REPÚBLICA DOMINICANA,MÚSICO,SEGUNDO CRECIENTE
JUAN PABLO II,18-MAYO,WADOWISE,POLONIA,SACERDOTE,PRIMER CRECIENTE
JUAN PAUL SARTRE,21-JUNIO,PARÍS,FRANCIA,FILÓSOFO,PRIMER MENGUANTE
JUAN RAMÓN JIMÉNEZ,24-DICIEMBRE,"MOGUER,HUELVA",ESPAÑA,ESCRITOR,PRIMER CRECIENTE
JUAN RULFO,16-MAYO,"APULCO,JALISCO",MÉXICO,ESCRITOR,CUARTO CRECIENTE
JUAN SEBASTIAN BACH,21-MARZO,THURINGIA,ALEMANIA,MÚSICO,LUNA LLENA
JUDIT POLGAR,23-JULIO,BUDAPEST,HUNGRÍA,AJEDRECISTA,LUNA NUEVA
JULIA LOUIS DREYFUS,13-ENERO,"NEW YORK,NY",USA,ACTRIZ,SEGUNDO MENGUANTE
JULIA ROBERT,28-OCTUBRE,"SMYMA, GEO.",USA,ACTRIZ,SEGUNDO MENGUANTE
JULIO IGLESIAS,23-SEPTIEMBRE,MADRID,ESPAÑA,CANTANTE,SEGUNDO MENGUANTE
JULIO VERNE,8-FEBRERO,NANTES,FRANCIA,ESCRITOR,CUARTO MENGUANTE
KATHARINE HEPBURN,12-MAYO,"HARTFORD,CONN.",USA,ACTRIZ,LUNA NUEVA
KATIE COURIC,7-ENERO,"ARLIGTON,VIRGINIA",USA,PERIODISTA,CUARTO CRECIENTE
KIRK DOUGLAS,9-DICIEMBRE,"ANSTERDAM,N.Y.",USA,ACTOR,LUNA LLENA
LAETITIA CASTA,11-MAYO,POUNT-AUDEMER,FRANCIA,MODELO,PRIMER CRECIENTE
LANCE ARMSTRONG,18-SEPTIEMBRE,"PLANO, TEXAS",USA,CICLISTA,LUNA NUEVA
LANGSTON HUGHES,1-FEBRERO,"JOPLIN,MISSOURI",USA,ESCRITOR,SEGUNDO MENGUANTE
LECH WALESA,29-SEPTIEMBRE,POPOWO,POLONIA,SINDICALISTA,LUNA NUEVA
LEE MARVIN,19-FEBRERO,"NEW YORK, NY",USA,ACTOR,LUNA LLENA
LEO DAN,22-MARZO,ATAMISQUI,ARGENTINA,MÚSICO,CUARTO CRECIENTE
LEO TOLSTOY,9-SEPTIEMBRE,YASNAYA POLIANA,RUSIA,ESCRITOR,LUNA NUEVA
LEON THEREMIN,15-AGOSTO,SAN PETERS BURGO,RUSIA,CIENTÍFICO,CUARTO CRECIENTE
LEON TROTSKY,26-OCTUBRE,YANOVKA,UCRANIA,POLÍTICO,SEGUNDO CRECIENTE
LEONARDO DA VINCI,15-ABRIL,VINCI,ITALIA,CIENTÍFICO,LUNA LLENA
LEONARDO DICAPRIO,11-NOVIEMBRE,"LOS ANGELES, CA",USA,ACTOR,SEGUNDO MENGUANTE
LEONARDO EULER,15-ABRIL,BASEL,SUIZA,CIENTÍFICO,SEGUNDO CRECIENTE
LEONARDO FAVIO,28-MAYO,MENDOZA,ARGENTINA,MÚSICO,LUNA NUEVA
"LEOPOLDO ALAS ""CLARÍN""",2-ABRIL,ZAMORA,ESPAÑA,ESCRITOR,CUARTO CRECIENTE
LEOPOLDO LUGONES,13-JUNIO,CORDOVA,ARGENTINA,ESCRITOR,LUNA NUEVA
LEWIS CAROLL,27-ENERO,DARESBURY,INGLATERRA,ESCRITOR,SEGUNDO MENGUANTE
LEWIS HENRY MORGAN,21-NOVIEMBRE,"AURORA, N.Y.",USA,CIENTÍFICO,CUARTO MENGUANTE
LIBERTAD LAMARQUE,24-NOVIEMBRE,ROSARIO,ARGENTINA,ACTRIZ,PRIMER CRECIENTE
LINUS PAULING,28-FEBRERO,"PORTLAND,OREGÓN",USA,CIENTÍFICO,SEGUNDO CRECIENTE
LIONEL RICHIE,20-JUNIO,"TUSKEGEE,ALABAMA",USA,MÚSICO,SEGUNDO MENGUANTE
LISA LOPES,27-MAYO,"PHILADELPHIA,PENN",USA,CANTANTE,PRIMER CRECIENTE
LIZA MINNELLI,12-MARZO,"LOS ANGELES,CA",USA,ACTRIZ,SEGUNDO CRECIENTE
LOPE DE VEGA,25-NOVIEMBRE,MADRID,ESPAÑA,ESCRITOR,PRIMER MENGUANTE
LORD BYRON,22-ENERO,LONDRES,INGLATERRA,ESCRITOR,LUNA LLENA
LOUIS ARMSTRONG,4-AGOSTO,"NEW ORLEANS,LU",USA,MÚSICO,PRIMER MENGUANTE
LOUISA MAT ALCOTT,29-NOVIEMBRE,"GERMANTOWN,PENN",USA,ESCRITORA,CUARTO CRECIENTE
LOUISE MADONNA,16-AGOSTO,"BAY CITY, MICHIGAN",USA,CANTANTE,PRIMER CRECIENTE
LUCHO GATICA,11-AGOSTO,RANCAGUA,CHILE,MÚSICO,SEGUNDO MENGUANTE
LUCIANO PAVAROTTI,12-OCTUBRE,MODENA,ITALIA,CANTANTE,LUNA LLENA
LUDWIG VAN BEETOVEN,16-DICIEMBRE,BONN,ALEMANIA,MÚSICO,LUNA NUEVA
LUÍS MIGUEL,19-ABRIL,SAN JORGE,PUERTO RICO,CANTANTE,SEGUNDO CRECIENTE
LUÍS PASTEUR,27-DICIIEMBRE,"DOLA,JUER",FRANCIA,CIENTÍFICO,PRIMER CRECIENTE
LYNDON JOHNSON,27-AGOSTO,"JOHNSON CITY,TX",USA,POLÍTICO,LUNA NUEVA
MADRE TERESA,27-AGOSTO,SKOPJE,MACEDONIA,RELIGIOSA,CUARTO MENGUANTE
MAHMOUD AHMADINEJAD,28-OCTUBRE,GARMSAR,IRAN,POLÍTICO,SEGUNDO MENGUANTE
MANUEL JOSÉ ARCE,1-ENERO,SAN SALVADOR,EL SALVADOR,POLÍTICO,SEGUNDO CRECIENTE
MAO ZEDONG,26-DICIEMBRE,XIANGTAN,CHINA,DICTADOR,LUNA LLENA
MARCO ANTONIO MUÑIZ,3-MARZO,"GUADALAJARA, JALISCO",MÉXICO,CANTANTE,CUARTO CRECIENTE
MARCO AURELIO SOTO,13-NOVIEMBRE,TEGUCIGALPA,HONDURAS,POLÍTICO,SEGUNDO MENGUANTE
MARGARET THATCHER,13-OCTUBRE,GRANTHAM,INGLATERRA,POLÍTICA,SEGUNDO MENGUANTE
MARÍA CURIE,7-NOVIEMBRE,MARSAW,POLONIA,CIENTÍFICA,SEGUNDO CRECIENTE
MARÍA FÉLIX,8-ABRIL,ALAMOS,MÉXICO,ACTRIZ,SEGUNDO CRECIENTE
MARÍA MONTESSORI,31-AGOSTO,ROMA,ITALIA,MÉDICA,PRIMER CRECIENTE
MARIAH CAREY,27-MARZO,"HUNTINGTON,NY",USA,CANTANTE,PRIMER MENGUANTE
MARIANO AZUELA,1-ENERO,JALISCO,MÉXICO,ESCRITOR,PRIMER CRECIENTE
MARIO BENEDETTI,14-SEPTIEMBRE,URUGUAY,PASO DE TOROS,ESCRITOR,PRIMER CRECIENTE
MARIO VARGAS LLOSA,28-MARZO,AREQUIPA,PERÚ,ESCRITOR,CUARTO CRECIENTE
MARK MCGWIRE,1-OCTUBE,"POMONA,CA",USA,BEISBOLISTA,CUARTO CRECIENTE
MARK TWAIN,30-NOVIEMBRE,FLORIDA MISSOURI,USA,ESCRITOR,SEGUNDO CRECIENTE
MARLON BRANDO,3-ABRIL,"OMAHA,NEBRASKA",USA,ACTOR,LUNA NUEVA
MARTÍN LUTERO,10-NOVIEMBRE,EISLEBEN,ALEMANIA,TEÓLOGO,LUNA NUEVA
MARTIN LUTHER KING,15-ENERO,"ATLANTA,GEORGIA",USA,CLÉRIGO,PRIMER CRECIENTE
MARTINA HINGIS,30-SEPTIEMBRE,KOSICE,SLOVAKIA,TENISTA,CUARTO MENGUANTE
MARYLYN  MONROE,1-JUNIO,"LOS ANGELES,CA",USA,ACTRIZ,CUARTO MENGUANTE
MAXIMILIANO ROBESPIERRE,6-MAYO,ARRAS,FRANCIA,POLÍTICO,LUNA NUEVA
MEG RYAN,19-NOVIEMBRE,"FAIRFIELD,CO",USA,ACTRIZ,SEGUNDO CRECIENTE
MEL GIGSON,3-ENERO,"PEEKSKILL, N.Y.",USA,ACTOR,CUARTO MENGUANTE
MELANIE GRIFFITH,5-AGOSTO,"NEW YORK,NY",USA,ACTRIZ,SEGUNDO CRECIENTE
MERYL STREEP,22-JUNIO,"SUNMIT, N.J.",USA,ACTRIZ,SEGUNDO MENGUANTE
MIA FARROW,9-FEBRERO,"LOS ANGELES,CA",USA,ACTRIZ,SEGUNDO MENGUANTE
MIA HAMM,17-MARZO,"SELMA, ALAB",USA,FUTBOLISTA,PRIMER CRECIENTE
MICHAEL  CAINE,14-MARZO,LONDRES,INGLATERRA,ACTOR,PRIMER MENGUANTE
MICHAEL DOUGLAS,25-SEPTIEMBRE,"NEW BRUNSWICK,N.J",USA,ACTOR,CUARTO CRECIENTE
MICHAEL JACKSON,29-AGOSTO,"GARY,INDIANA",USA,CANTANTE,LUNA LLENA
MICHAEL JORDAN,17-FEBRERO,"BROOKLYN,NY",USA,BASQUETBOLISTA,SEGUNDO MENGUANTE
MICHAEL KEATON,5-SEPTIEMBRE,"CARAOPOLIS,PENN",USA,ACTOR,PRIMER CRECIENTE
MICHAEL MOORE,23-ABRIL,"FLINT, MICHIGAN",USA,CINEASTA,PRIMER MENGUANTE
MICHAEL OWEN,14-DICIEMBRE,CHESTER,INGLATERRA,FUTBOLISTA,SEGUNDO MENGUANTE
MICHAEL RICHARDS,21-JULIO,"CULVER CITY,CA",USA,ACTOR,LUNA LLENA
MICHAEL SCHUMACHER,3-ENERO,HURTH,ALEMANIA,AUTOMOVILISTA,LUNA LLENA
MICHEL DE MONTAIGNE,28-FEBRERO,MONTAIGNE,FRANCIA,FILÓSOFO,CUARTO MENGUANTE
MICHELLLE BACHELET,29-SEPTIEMBRE,SANTIAGO,CHILE,POLÍTICA,LUNA NUEVA
MICK JAGGER,26-JULIO,"DARTFORT,KENT",INGLATERRA,CANTANTE,SEGUNDO MENGUANTE
MIGUEL ANGEL,6-MARZO,CAPRESE,ITALIA,PINTOR,PRIMER MENGUANTE
MIGUEL ANGEL ASTURIAS,18-OCTUBRE,C. GUATEMALA,GUATEMALA,ESCRITOR,SEGUNDO CRECIENTE
MIGUEL DE CERVANTES,29-SEPTIEMBRE,ALCALÁ DE HENARES,ESPAÑA,ESCRITOR,PRIMER CRECIENTE
MIGUEL DE UNAMUNO,29-SEPTIEMBRE,BILBAO,ESPAÑA,ESCRITOR,LUNA NUEVA
MIGUEL FARADAY,22-SEPTIEMBRE,NEWINGTON,INGLATERRA,CIENTÍFICO,SEGUNDO MENGUANTE
MIGUEL HIDALGO,8-MAYO,SAN VICENTE,MÉXICO,POLÍTICO,PRIMER CRECIENTE
MIJAIL BOTVINNIK,17-AGOSTO,SAN PETERBURGO,RUSIA,AJEDRECISTA,CUARTO MENGUANTE
MIJAIL TAHL,9-NOVIEMBRE,RIGA,LETONIA,AJEDRECISTA,SEGUNDO MENGUANTE
MIKE TYSON,30-JUNIO,"BROOKLYN,NY",USA,BOXEADOR,SEGUNDO CRECIENTE
MILES DAVIS,29-SEPTIEMBRE,"ALTOM,ILLINOIS",USA,MÚSICO,CUARTO MENGUANTE
MOHAMED ALI,17-ENERO,"LOUISVILLE,KE",USA,BOXEADOR,LUNA NUEVA
MOHANDAS GANDHI,2-OCTUBRE,PORBANDAR,INDIA,POLÍTICO,SEGUNDO MENGUANTE
MOISES MENDELSSOHN,6-SEPTIEMBRE,BERLIN,ALEMANIA,FILÓSOFO,SEGUNDO CRECIENTE
MOLIERE,15-ENERO,PARÍS,FRANCIA,ESCRITOR,PRIMER CRECIENTE
MÓNICA BELUCCI,30-SEPTIEMBRE,CITTA DI CASTELLO,ITALIA,ACTRIZ,CUARTO CRECIENTE
MÓNICA SELES,2-DICIEMBRE,NOVI SAD,YUGOESLAVIA,TENISTA,CUARTO CRECIENTE
NAOMI CAMPBELL,22-MAYO,LONDRES,INGLATERRA,MODELO,LUNA LLENA
NAPOLEON BONAPARTE,15-AGOSTO,"AJACCIO,CORCEGA",FRANCIA,MILITAR,SEGUNDO CRECIENTE
NATALIE WOODS,20-JULIO,"SAN FRANCISCO, CA",USA,ACTRIZ,SEGUNDO MENGUANTE
NEIL ARMSTRONG,5-AGOSTO,"WAPAKONETA,OHIO",USA,ASTRONAUTA,SEGUNDO CRECIENTE
NEIL GAIMAN,10-NOVIEMBRE,HAMPSHIRE,INGLATERRA,ESCRITOR,CUARTO MENGUANTE
NELSON MANDELA,18-JULIO,UMTATA,SUR AFRICA,POLÍTICO,SEGUNDO CRECIENTE
NELSON PIQUET,17-AGOSTO,RIO DE JANEIRO,BRASIL,AUTOMOVILISTA,SEGUNDO MENGUANTE
NESTOR KIRCHNER,25-FEBRERO,RÍO GALLEGOS,ARGENTINA,POLÍTICO,CUARTO CRECIENTE
NICOLAS CAGE,7-ENERO,"LONG BEACH ,CA",USA,ACTOR,SEGUNDO MENGUANTE
NICOLÁS COPERNICO,19-FEBRERO,TORUM,POLONIA,CIENTÍFICO,SEGUNDO CRECIENTE
NICOLAS II,6-MAYO,PUSHKIN,RUSIA,REY,LUNA LLENA
NICOLÁS MALEBRANCHE,6-AGOSTO,PARÍS,FRANCIA,FILÓSOFO,SEGUNDO MENGUANTE
NICOLÁS MAQUIAVELO,3-MAYO,FLORENCIA,ITALIA,ESCRITOR,SEGUNDO CRECIENTE
NICOLÁS PAGANINI,27-OCTUBRE,GENOVA,ITALIA,MÚSICO,PRIMER MENGUANTE
NICOLÁS TESLA,9-JULIO,SMILJAN,CROACIA,CIENTÍFICO,CUARTO CRECIENTE
NICOLE KIDMAN,20-JUNIO,HONOLULU,"HAWAI,USA",ACTRIZ,SEGUNDO CRECIENTE
NIKITA KRUSHCHEV,17-ABRIL,KALINOKCA,RUSIA,POLÍTICO,SEGUNDO CRECIENTE
NOSTRADAMUS,14-DICIEMBRE,ST. REMY,FRANCIA,ASTRÓLOGO,LUNA LLENA
OCTAVIO PAZ,31-MARZO,CIUDAD MÉXICO,MÉXICO,ESCRITOR,PRIMER CRECIENTE
OLIVER STONE,15-SEPTIEMBRE,NEW YORK,USA,CINEASTA,PRIMER MENGUANTE
OMAR TORRIJOS H.,13-FEBRERO,SANTIAGO DE VERAGUAS,PANAMÁ,POLÍTICO,PRIMER CRECIENTE
OSCAR ARIAS,13-SEPTIEMBRE,HEREDIA,COSTA RICA,POLÍTICO,CUARTO MENGUANTE
OSCAR NIEMEYER,15-DICIEMBRE,RÍO DE JANEIRO,BRASIL,ARQUITECTO,SEGUNDO CRECIENTE
OSCAR WILDE,16-OCTUBRE,DUBLIN,IRLANDA,ESCRITOR,SEGUNDO MENGUANTE
PABLO NERUDA,12-JULIO,PARRAL,CHILE,ESCRITOR,LUNA NUEVA
PABLO PICASSO,25-OCTUBRE,MÁLAGA,ESPAÑA,PINTOR,PRIMER CRECIENTE
PALITO ORTEGA,8-MARZO,TUCUMÁN,ARGENTINA,CANTANTE,CUARTO MENGUANTE
PALOMA SAN BASILIO,22-NOVIEMBRE,MADRID,ESPAÑA,CANTANTE,SEGUNDO CRECIENTE
PAMELA ANDERSON,1-JULIO,LADYSMITH,CANADÁ,ACTRIZ,SEGUNDO MENGUANTE
PAOLO COELHO,24-AGOSTO,RÍO DE JANEIRO,BRASIL,ESCRITOR,CUARTO CRECIENTE
PARIS HILTON,17-FEBRERO,"NEW YORK, N.Y.",USA,ACTRIZ,SEGUNDO CRECIENTE
PATRICK O'BRIAN,12-DICIEMBRE,LONDRES,INGLATERRA,ESCRITOR,SEGUNDO MENGUANTE
PAUL ALLEN,23-ENERO,"MERCER ISLAND,WH",USA,FINANCISTA,CUARTO CRECIENTE
PAUL MCCARTNEY,18-JUNIO,LIVERPOOL,INGLATERRA,MÚSICO,PRIMER CRECIENTE
PAUL NEWMAN,26-ENERO,"CLEVELAND,OHIO",USA,ACTOR,PRIMER CRECIENTE
PAUL SIMON,13-OCTUBRE,"NEWARK,N JERSEY",USA,CANTANTE,CUARTO MENGUANTE
PAULA ABDUL,19-JUNIO,"SAN FERNANDO,CA",USA,CANTANTE,LUNA LLENA
PEDRO ALMODÓVAR,25-SEPTIEMBRE,CALZADA DE CALATRAVA,ESPAÑA,CINEASTA,SEGUNDO MENGUANTE
PEDRO INFANTE,17-DICIEMBRE,GUAMUCHIL,MÉXICO,CANTANTE,PRIMER CRECIENTE
PEDRO PABLO RUBENS,28-JUNIO,SIEGEN,ALEMANIA,PINTOR,LUNA NUEVA
PELÉ,23-OCTUBRE,TRES CARACOLES,BRASIL,FUTBOLISTA,CUARTO MENGUANTE
PENÉLOPE CRUZ,28-ABRIL,MADRID,ESPAÑA,ACTRIZ,CUARTO CRECIENTE
PETER FONDA,23-FEBRERO,"NEW YORK,NY",USA,ACTOR,PRIMER CRECIENTE
PETER SELLERS,8-SEPTIEMBRE,SOUTHSEA,INGLATERRA,ACTOR,CUARTO MENGUANTE
PIERRE CURIE,15-MAYO,PARÍS,FRANCIA,CIENTÍFICO,SEGUNDO CRECIENTE
PIERRE DE FERRANT,20-AGOSTO,BEAUMONT DE LAMAGNE,FRANCIA,CIENTÍFICO,PRIMER MENGUANTE
PIERRE LAPLACE,23-MARZO,BEAUMONT,FRANCIA,CIENTÍFICO,PRIMER CRECIENTE
PIERRE TRUDEAU,18-OCTUBRE,MONTREAL,CANADÁ,POLÍTICO,SEGUNDO MENGUANTE
PIERRE-AUGUSTE RENOIR,25-FEBRERO,LIMOGES,FRANCIA,PINTOR,PRIMER CRECIENTE
PÍO BAROJA,28-DICIEMBRE,SAN SEBASTIAN,ESPAÑA,ESCRITOR,LUNA NUEVA
PLÁCIDO DOMINGO,21-ENERO,MADRID,ESPAÑA,CANTANTE,SEGUNDO MENGUANTE
PRINCESA DIANA,1-JULIO,NORFOLK,INGLATERRA,PRINCESA,PRIMER MENGUANTE
QUINO,17-JULIO,MENDOZA,ARGENTINA,CARICATURISTA,LUNA LLENA
RABINDRANATH TAGORE,7-MAYO,CALCUTA,INDIA,ESCRITOR,SEGUNDO MENGUANTE
RAFAEL ALBERTI,16-DICIEMBRE,SANTA MARÍA,ESPAÑA,ESCRITOR,LUNA LLENA
RAFAEL SANZIO,6-ABRIL,URBINO,ITALIA,PINTOR,PRIMER MENGUANTE
RAMÓN DEL VALLE-INCLÁN,28-OCTUBRE,SANTIAGO DE COMPOSTELA,ESPAÑA,ESCRITOR,PRIMER MENGUANTE
REESE WITHERSPOON,22-MARZO,"NASHVILLE,TENNESSEE",USA,ACTRIZ,CUARTO MENGUANTE
REINA VICTORIA DE INGLATERRA,24-MAYO,LONDRES,INGLATERRA,ESTADISTA,LUNA NUEVA
RENÉ DESCARTES,31-MARZO,TURAINE,FRANCIA,FILÓSOFO,PRIMER CRECIENTE
RENEE ZELLWEGER,25-ABRIL,"KATY,TEXAS",USA,ACTRIZ,CUARTO CRECIENTE
RICARDO LAGOS,2-MARZO,SANTIAGO,CHILE,POLÍTICO,PRIMER CRECIENTE
RICARDO PALMA,7-FEBRERO,LIMA,PERÚ,ESCRITOR,LUNA LLENA
RICHARD GERE,31-AGOSTO,"PHILADELPHIA,PENN",USA,ACTOR,CUARTO CRECIENTE
RICHARD NIXON,9-ENERO,"YORBA LINDA,CA",USA,POLÍTICO,PRIMER CRECIENTE
RICHARD WAGNER,22-MAYO,LEIPZIG,ALEMANIA,MÚSICO,CUARTO MENGUANTE
RICKY MARTIN,24-DICIEMBRE,HATO REY,PUERTO RICO,CANTANTE,CUARTO CRECIENTE
RIGOBERTA MENCHÚ,9-ENERO,CHIMEL,GUATEMALA,PACIFISTA,LUNA NUEVA
RINGO STARR,7-JULIO,LIVERPOOL,INGLATERRA,MÚSICO,PRIMER CRECIENTE
ROBERT DENIRO,17-AGOSTO,NEW YORK,USA,ACTOR,LUNA LLENA
ROBERT FROST,26-MARZO,"SAN FRANCISCO, CA",USA,ESCRITOR,CUARTO CRECIENTE
ROBERT KENNEDY,20-NOVIEMBRE,"BOOKLINE ,MSS",USA,POLÍTICO,PRIMER CRECIENTE
ROBERT MCNAMARA,9-JUNIO,"SAN FRANCISCO,CA",USA,MILITAR,CUARTO CRECIENTE
ROBERT OWEN,14-MAYO,NEWTOWN,GALES,FILÓSOFO,LUNA NUEVA
ROBERT REDFORD,18-AGOSTO,"SANTA MÓNICA,CA",USA,ACTOR,SEGUNDO CRECIENTE
ROBERT STEVENSON,13-NOVIEMBRE,EDINBURGH,ESCOCIA,ESCRITOR,CUARTO CRECIENTE
ROBERTO CARLOS BRAGA,19-ABRIL,CAHOEIRO DE ITAPEMERIM,BRASIL,MÚSICO,CUARTO MENGUANTE
ROBIN COOK,4-MAYO,"NEW YORK, N. Y.",USA,ESCRITOR,LUNA NUEVA
ROBIN WILLIANS,21-JULIO,"CHICAGO,ILLINOIS",USA,ACTOR,LUNA NUEVA
ROCÍO DURCAL,4-OCTUBRE,MADRID,ESPAÑA,CANTANTE,PRIMER MENGUANTE
ROCÍO JURADO,18-SEPTIEMBRE,"CHIPIONA,CÁDIZ",ESPAÑA,CANTANTE,PRIMER CRECIENTE
RODOLFO DIESEL,18-MARZO,PARIS,FRANCIA,CIENTÍFICO,PRIMER CRECIENTE
ROMAN POLANSKI,18-AGOSTO,PARÍS,FRANCIA,CINEASTA,SEGUNDO MENGUANTE
RÓMULO GALLEGOS,2-AGOSTO,CARACAS,VENEZUELA,ESCRITOR,SEGUNDO CRECIENTE
RONALD REAGAN,6-FEBRERO,TAMPICO,ILLINOIS,POLÍTICO,CUARTO CRECIENTE
RONALDINHO,21-MARZO,PORTO ALEGRE,BRASIL,FUTBOLISTA,CUARTO CRECIENTE
RONALDO,22-SEPTIEMBRE,BEMTO RIVEIRO,BRASIL,FUTBOLISTA,LUNA NUEVA
RUBÉN DARÍO,18-ENERO,METAPA,NICARAGUA,ESCRITOR,SEGUNDO CRECIENTE
SADDAN HUSSEIN,28-ABRIL,TIKRIT,IRAK,DICTADOR,LUNA LLENA
SALARRUE,22-OCTUBRE,SONSONATE,EL SALVADOR,ESCRITOR,LUNA LLENA
SALLY FIELD,6-NOVIEMBRE,"PASADENA, CA",USA,ACTRIZ,SEGUNDO CRECIENTE
SALVADOR ALLENDE,26-JULIO,VALPARAISO,CHILE,POLÍTICO,LUNA NUEVA
SALVADOR DALI,11-MAYO,FIGUERA,ESPAÑA,PINTOR,LUNA NUEVA
SAMUEL MORSE,27-ABRIL,"CHARLESTOWN,MASS",USA,INVENTOR,CUARTO MENGUANTE
SANDRA BULLOCK,26-JULIO,ARLINGTON,USA,ACTRIZ,PRIMER MENGUANTE
SELENA,16-ABRIL,"LAKE JACKSON,TX",USA,CANTANTE,CUARTO MENGUANTE
SERENA WILLIAMS,26-SEPTIEMBRE,"SAGINAW,MICHIGAN",USA,TENISTA,LUNA NUEVA
SHAKIRA,9-FEBRERO,BARRANQUILLA,COLOMBIA,CANTANTE,CUARTO MENGUANTE
SHARON STONE,10-MARZO,"MEADVILLE,PENN",USA,ACTRIZ,CUARTO MENGUANTE
SHARON TATE,24-ENERO,"DALLAS,TEXAS",USA,ACTRIZ,PRIMER MENGUANTE
SHIMON PERES,21-AGOSTO,VINSHEVA,POLONIA,POLÍTICO,SEGUNDO CRECIENTE
SHIRLEY MACLAINE,24-ABRIL,"RICHMOND, VI",USA,ACTRIZ,SEGUNDO CRECIENTE
SIGMUND FREUD,6-MAYO,FREIBERG,CHECOSLOVAQUIA,CIENTÍFICO,PRIMER CRECIENTE
SILVIO BERLUSCONI,29-SEPTIEMBRE,MILÁN,ITALIA,POLÍTICO,LUNA LLENA
SIMÓN BOLIVAR,24-JULIO,CARACAS,VENEZUELA,MILITAR,SEGUNDO MENGUANTE
SLOBODAN MILOSEVIC,20-AGOSTO,POZAREVAC,SERVIA,DICTADOR,LUNA NUEVA
SOFÍA COPPOLA,14-MAYO,"NEW YORK,NY",USA,CINEASTA,PRIMER MENGUANTE
SOFÍA LOREN,20-SEPTIEMBRE,ROMA,ITALIA,ACTRIZ,SEGUNDO CRECIENTE
SONIA BRAGA,8-JUNIO,MARINGA,BRASIL,ACTRIZ,CUARTO MENGUANTE
SOREN KIERKEGAARD,5-MAYO,COPENHAGUE,DINAMARCA,FILÓSOFO,PRIMER CRECIENTE
STELLA MACARNEY,13-SEPTIEMBRE,LONDRES,INGLATERRA,MODISTA,SEGUNDO MENGUANTE
STEVE JOBS,24-FEBRERO,"LOS ALTOS, CA",USA,FINANCIERO,PRIMER CRECIENTE
STEVEN SPIELBERG,18-DICIEMBRE,"CINCINNATI,OHIO",USA,CINEASTA,CUARTO CRECIENTE
STEVIE WONDER,13-MAYO,"SAGINAW, MICHIGAN",USA,MÚSICO,SEGUNDO MENGUANTE
SUSAN SARANDON,4-OCTUBRE,NEW YORK,USA,ACTRIZ,CUARTO CRECIENTE
TED KACZYNSKY,22-MAYO,"EVERGREEN PARK, ILLINOIS",USA,TERRORISTA,CUARTO CRECIENTE
THALÍA,26-AGOSTO,CIUDAD MÉXICO,MÉXICO,CANTANTE,LUNA LLENA
THEODORE ROOSEVELT,27-OCTUBRE,NEW YORK,USA,POLÍTICO,PRIMER MENGUANTE
THOMAS EDISON,11-FEBRERO,"MILAN,OHIO",USA,CIENTÍFICO,SEGUNDO MENGUANTE
THOMAS HOBBES,5-ABRIL,WESTPORT,INGLATERRA,FILÓSOFO,CUARTO CRECIENTE
THOMAS JEFFERSON,23-ABRIL,"SHADWELL,VI",USA,POLÍTICO,LUNA NUEVA
THOMAS MANN,6-JUNIO,LÜBECK,ALEMANIA,ESCRITOR,PRIMER CRECIENTE
THOMAS MORO,7-FEBRERO,LONDRES,INGLATERRA,TEÓLOGO,CUARTO MENGUANTE
THOMAS PAINE,29-ENERO,THETFORD,INGLATERRA,ESCRITOR,SEGUNDO MENGUANTE
THOMAS R. MALTHUS,13-FEBRERO,LONDRES,INGLATERRA,ECONOMISTA,PRIMER CRECIENTE
TIGER WOODS,30-DICIEMBRE,"CYPRESS, CA",USA,GOLFISTA,SEGUNDO MENGUANTE
TIM BERNERS-LEE,8-JUNIO,LONDRES,INGLATERRA,INVENTOR,PRIMER MENGUANTE
TOM CRUISE,3-JULIO,"SYRACUSE,NY",USA,ACTOR,PRIMER CRECIENTE
TOM HANKS,9-JULIO,"CONCORD,CA",USA,ACTOR,PRIMER CRECIENTE
TOM JONES,7-JUNIO,PONTYPRIDD,GALES,CANTANTE,PRIMER CRECIENTE
TONY BLAIR,6-MAYO,EDINGURGH,ESCOCIA,POLÍTICO,CUARTO MENGUANTE
TONY CURTIS,3-JUNIO,"BRONX,N.Y",USA,ACTOR,SEGUNDO CRECIENTE
TRUMAN CAPOTE,30-SEPTIEMBRE,"NEW ORLEANS,LOUISIANA",USA,ESCRITOR,PRIMER CRECIENTE
UMBERTO ECO,5-ENERO,"ALESSANDRIA,TURIN",ITALIA,ESCRITOR,PRIMER MENGUANTE
UPTON SINCLAIR,20-SEPTIEMBRE,"BALTIMORE,MARYLAND",USA,ESCRITOR,CUARTO MENGUANTE
VALENTINA TERESHKOVA,6-MARZO,MASLENNIKOVO,RUSIA,ASTRONAUTA,SEGUNDO MENGUANTE
VENUS WILLIAMS,17-JUNIO,"LYNWOOD,CA",USA,TENISTA,PRIMER CRECIENTE
VICENTE FOX,2-JULIO,CIUDAD MÉXICO,MÉXICO,POLÍTICO,PRIMER MENGUANTE
VICENTE VAN GOGH,30-MARZO,GROOT ZUNDERT,HOLANDA,PINTOR,PRIMER MENGUANTE
VICTOR HUGO,26-FEBRERO,BESANCON,FRANCIA,ESCRITOR,CUARTO MENGUANTE
VINCE GUARALDI,17-JULIO,"SAN FRANCISCO,CA",USA,MÚSICO,LUNA NUEVA
VINICIUS DE MORAES,19-OCTUBRE,RÍO DE JANEIRO,BRASIL,MÚSICO,PRIMER MENGUANTE
VIOLETA PARRA,4-OCTUBRE,"ÑUBLE,SAN CARLOS",CHILE,MÚSICA,PRIMER MENGUANTE
VIRGINIA WOOLF,25-ENERO,LONDRES,INGLATERRA,ESCRITORA,CUARTO CRECIENTE
VLADIMIR I LENIN,10-ABRIL,VOLGA,RUSIA,POLÍTICO,CUARTO CRECIENTE
VLADIMIR PUTIN,7-OCTUBRE,SAN PETERBURGO,RUSIA,POLÍTICO,PRIMER MENGUANTE
VOLTAIRE,21-NOVIEMBRE,PARÍS,FRANCIA,FILÓSOFO,PRIMER CRECIENTE
WALTER SCOTT,15-AGOSTO,EDINBURGH,ESCOCIA,ESCRITOR,PRIMER CRECIENTE
WANGARI MAATHAI,1-ABRIL,NYERI,KENIA,ECOLOGISTA,SEGUNDO MENGUANTE
WARREN BEATTY,30-MARZO,"RICHMONT,VI",USA,ACTOR,PRIMER MENGUANTE
WILLIAM SHAKESPEARE,23-ABRIL,STRATFORD,INGLATERRA,ESCRITOR,LUNA NUEVA
WILLIAM WALKER,8-MAYO,TENNESSEE,USA,FILIBUSTERO,SEGUNDO CRECIENTE
WILLIANS BURROUGHS,5-FEBRERO,SAN LUIS MISSOURI,USA,ESCRITOR,SEGUNDO CRECIENTE
WINSTON CHURCHILL,30-NOVIEMBRE,OXFORDSHIRE,INGLATERRA,POLÍTICO,CUARTO MENGUANTE
WOLFGANG AMADEUS MOZART,27-ENERO,SALSBURG,AUSTRIA,MÚSICO,SEGUNDO MENGUANTE
WOODY ALLEN,1-DICIEMBRE,NEW YORK,USA,ACTOR,CUARTO CRECIENTE
WOODY GUTHRIE,14-JULIO,OKEMAH OK,USA,MÚSICO,LUNA NUEVA
XUXA,27-MARZO,SANTA ROSA,BRASIL,ACTRIZ,PRIMER CRECIENTE
YASER ARAFAT,24-AGOSTO,CAIRO,EGIPTO,POLÍTICO,PRIMER MENGUANTE
YOKO ONO,18-FEBRERO,TOKYO,JAPÓN,ACTRIZ,CUARTO MENGUANTE
YURI GAGARIN,9-MARZO,KLUSHINO,RUSIA,ASTRONAUTA,SEGUNDO MENGUANTE
ZINEDINE ZIDANE,23-JUNIO,MARSEILLE,FRANCIA,FUTBOLISTA,SEGUNDO CRECIENTE
ZSA ZSA GABOR,6-FEBRERO,BUDAPEST,HUNGRÍA,ACTRIZ,SEGUNDO MENGUANTE
